text, size
让娜·迪尔曼,1
迷魂记,2
公民凯恩,3
东京物语,4
花样年华,5
2001太空漫游,6
军中禁恋,7
穆赫兰道,8
持摄影机的人,9
雨中曲,10
日出(1927),11
教父,12
游戏规则(1939),13
五至七时的克莱奥,14
搜索者(1956),15
午后的迷惘,16
特写(1989),17
假面(1966),18
现代启示录,19
七武士,20
圣女贞德蒙难记,21
晚春(1949),22
玩乐时间(1967),23
为所应为,24
驴子巴特萨,25
猎人之夜,26
浩劫(1985),27
雏菊(1966),28
出租车司机,29
燃烧女子的肖像,30
八部半,31
镜子(1975),32
惊魂记,33
亚特兰大号,34
大地之歌,35
城市之光,36
M就是凶手,37
精疲力尽,38
热情如火,39
后窗,40
偷自行车的人,41
罗生门,42
潜行者(1979),43
杀羊人,44
巴里·林登,45
阿尔及尔之战,46
西北偏北,47
词语(1955),48
旺达(1970),49
四百击,50
钢琴课,51
恐惧吞噬灵魂,52
家乡的消息,53
蔑视(1963),54
银翼杀手,55
战舰波将金号,56
桃色公寓,57
福尔摩斯二世,58
日月无光,59
甜蜜的生活,60
月光男孩,61
大地的女儿,62
好家伙,63
第三人,64
卡萨布兰卡,65
土狼之旅,66
安德烈·卢布廖夫,67
堤,68
红菱艳,69
拾穗者,70
大都会,71
奇遇,72
游览意大利,73
龙猫,74
千与千寻,75
春风秋雨,76
山椒大夫,77
日落大道,78
撒旦探戈,79
牯岭街少年杀人事件,80
摩登时代,81
平步青云,82
塞琳和朱莉出航记,83
蓝丝绒,84
蜂巢幽灵,85
狂人皮埃罗,86
电影史,87
闪灵,88
重庆森林,89
寄生虫,90
一一,91
雨月物语,92
豹,93
伯爵夫人的耳环,94
死囚越狱,95
西部往事,96
热带疾病,97
黑女孩,98
将军号,99
逃出绝命镇,100